{
    "ObjArchives": [
        {
            "size": 512464,
            "archive": "archive.0/_15052_archive_1.a",
            "objects": [
                [
                    "niC1F_d.o",
                    23510
                ],
                [
                    "reYIK_d.o",
                    43144
                ],
                [
                    "g7hgQ_d.o",
                    136538
                ],
                [
                    "c8Em5_d.o",
                    24626
                ],
                [
                    "G9DQ9_d.o",
                    24650
                ],
                [
                    "sb2Rg_d.o",
                    57804
                ],
                [
                    "ErrDy_d.o",
                    57944
                ],
                [
                    "fCFUZ_d.o",
                    18508
                ],
                [
                    "amcQwB.o",
                    125740
                ]
            ]
        }
    ],
    "Modules": {
        "...MASTER...": {
            "end_perf": [
                0.26514506340026855,
                0.051049999999999998,
                0.102101,
                288836,
                289420,
                3270971087567,
                0,
                0
            ],
            "child_modules": {
                "std": 1,
                "tb": 1,
                "_vcs_unit__2266912956": 1
            },
            "start_perf": [
                0.26291394233703613,
                0.050645000000000003,
                0.100276,
                287852,
                289420,
                1683598366.3613379,
                3270964583099
            ],
            "nQuads": 0,
            "nMops": 0,
            "nRouts": 5
        },
        "_vcs_unit__2266912956": {
            "start_perf": [
                0.2652280330657959,
                0.051077999999999998,
                0.102157,
                288836,
                289420,
                1683598366.363652,
                3270971276879
            ],
            "child_modules": {},
            "Compiled Times": 1,
            "end_perf": [
                0.27017998695373535,
                0.052727999999999997,
                0.105457,
                289824,
                289828,
                3270985676626,
                4294967297,
                0
            ],
            "Compiled": "Yes",
            "svclass": [
                "rand_rdy",
                1271,
                119,
                3,
                2,
                4294967303,
                "rand_vld",
                1271,
                119,
                3,
                2,
                4294967319
            ],
            "nQuads": 76,
            "nMops": 238,
            "nRouts": 11
        },
        "std": {
            "start_perf": [
                0.27023196220397949,
                0.052746000000000001,
                0.105493,
                289824,
                289828,
                1683598366.3686559,
                3270985758841
            ],
            "child_modules": {},
            "Compiled Times": 1,
            "end_perf": [
                0.27711200714111328,
                0.053838999999999998,
                0.11126800000000001,
                289824,
                289848,
                3271005791113,
                8589934594,
                0
            ],
            "Compiled": "Yes",
            "svclass": [
                "$vcs_nba_dyn_obj",
                576,
                35,
                2,
                2,
                0,
                "sigprop$$",
                576,
                35,
                2,
                2,
                0,
                "process",
                2380,
                200,
                8,
                8,
                0,
                "event",
                597,
                34,
                2,
                2,
                0,
                "mailbox",
                1769,
                140,
                9,
                9,
                0,
                "semaphore",
                1119,
                84,
                5,
                5,
                0
            ],
            "nQuads": 218,
            "nMops": 528,
            "nRouts": 33
        },
        "dct8x8_cal": {
            "start_perf": [
                0.33543610572814941,
                0.097706000000000001,
                0.125693,
                289824,
                289848,
                1683598366.4338601,
                3271174498453
            ],
            "child_modules": {},
            "Compiled Times": 1,
            "end_perf": [
                0.36206197738647461,
                0.124278,
                0.125693,
                289828,
                289852,
                3271251753764,
                38654705665,
                0
            ],
            "Compiled": "Yes",
            "significant_routs": [
                [
                    1,
                    "R_VCSgd_sb2Rg_1",
                    20848332,
                    16944,
                    2691
                ],
                [
                    18,
                    "R_VCSgd_sb2Rg_12",
                    9941845,
                    5432,
                    757
                ]
            ],
            "nQuads": 845,
            "nMops": 6700,
            "nRouts": 62
        },
        "tb": {
            "start_perf": [
                0.27718997001647949,
                0.053865000000000003,
                0.111322,
                289824,
                289848,
                1683598366.3756139,
                3271005911840
            ],
            "child_modules": {
                "dct8x8_buf_ctrl": 2,
                "dct8x8_cal": 2,
                "CHECKER_0000": 4,
                "CHECKER": 4,
                "dct8x8_cal_0000": 2
            },
            "Compiled Times": 1,
            "end_perf": [
                0.3208160400390625,
                0.084324999999999997,
                0.12448099999999999,
                289824,
                289848,
                3271132648844,
                12884901889,
                0
            ],
            "Compiled": "Yes",
            "significant_routs": [
                [
                    1,
                    "R_VCSgd_g7hgQ_1",
                    5101738,
                    5040,
                    709
                ],
                [
                    39,
                    "F_VCSgd_g7hgQ_2_0",
                    3620302,
                    2812,
                    321
                ],
                [
                    45,
                    "F_VCSgd_g7hgQ_5_0",
                    3611109,
                    2812,
                    321
                ],
                [
                    80,
                    "R_VCSgd_g7hgQ_50",
                    8116447,
                    7463,
                    1039
                ],
                [
                    92,
                    "R_VCSgd_g7hgQ_5c",
                    7914593,
                    9242,
                    1254
                ],
                [
                    155,
                    "R_VCSgd_g7hgQ_9b",
                    5713928,
                    5632,
                    588
                ],
                [
                    156,
                    "R_VCSgd_g7hgQ_9c",
                    5370336,
                    5647,
                    588
                ]
            ],
            "nQuads": 3095,
            "nMops": 9191,
            "nRouts": 236
        },